data;ano;mes;trimestre;semana_ano;dia_semana;fim_de_semana;feriado;nome_feriado;evento_sazonal
2024-10-01;2024;10;4;40;Terça;0;0;;
2024-10-02;2024;10;4;40;Quarta;0;0;;
2024-10-03;2024;10;4;40;Quinta;0;0;;
2024-10-04;2024;10;4;40;Sexta;0;0;;
2024-10-05;2024;10;4;40;Sábado;1;0;;
2024-10-06;2024;10;4;40;Domingo;1;0;;
2024-10-07;2024;10;4;41;Segunda;0;0;;
2024-10-08;2024;10;4;41;Terça;0;0;;
2024-10-09;2024;10;4;41;Quarta;0;0;;
2024-10-10;2024;10;4;41;Quinta;0;0;;
2024-10-11;2024;10;4;41;Sexta;0;0;;
2024-10-12;2024;10;4;41;Sábado;1;1;Nossa Sra. Aparecida;
2024-10-13;2024;10;4;41;Domingo;1;0;;
2024-10-14;2024;10;4;42;Segunda;0;0;;
2024-10-15;2024;10;4;42;Terça;0;0;;
2024-10-16;2024;10;4;42;Quarta;0;0;;
2024-10-17;2024;10;4;42;Quinta;0;0;;
2024-10-18;2024;10;4;42;Sexta;0;0;;
2024-10-19;2024;10;4;42;Sábado;1;0;;
2024-10-20;2024;10;4;42;Domingo;1;0;;
2024-10-21;2024;10;4;43;Segunda;0;0;;
2024-10-22;2024;10;4;43;Terça;0;0;;
2024-10-23;2024;10;4;43;Quarta;0;0;;
2024-10-24;2024;10;4;43;Quinta;0;0;;
2024-10-25;2024;10;4;43;Sexta;0;0;;
2024-10-26;2024;10;4;43;Sábado;1;0;;
2024-10-27;2024;10;4;43;Domingo;1;0;;
2024-10-28;2024;10;4;44;Segunda;0;0;;
2024-10-29;2024;10;4;44;Terça;0;0;;
2024-10-30;2024;10;4;44;Quarta;0;0;;
2024-10-31;2024;10;4;44;Quinta;0;0;;
2024-11-01;2024;11;4;44;Sexta;0;0;;
2024-11-02;2024;11;4;44;Sábado;1;1;Finados;
2024-11-03;2024;11;4;44;Domingo;1;0;;
2024-11-04;2024;11;4;45;Segunda;0;0;;
2024-11-05;2024;11;4;45;Terça;0;0;;
2024-11-06;2024;11;4;45;Quarta;0;0;;
2024-11-07;2024;11;4;45;Quinta;0;0;;
2024-11-08;2024;11;4;45;Sexta;0;0;;
2024-11-09;2024;11;4;45;Sábado;1;0;;
2024-11-10;2024;11;4;45;Domingo;1;0;;
2024-11-11;2024;11;4;46;Segunda;0;0;;
2024-11-12;2024;11;4;46;Terça;0;0;;
2024-11-13;2024;11;4;46;Quarta;0;0;;
2024-11-14;2024;11;4;46;Quinta;0;0;;
2024-11-15;2024;11;4;46;Sexta;0;1;Proclamação da República;
2024-11-16;2024;11;4;46;Sábado;1;0;;
2024-11-17;2024;11;4;46;Domingo;1;0;;
2024-11-18;2024;11;4;47;Segunda;0;0;;
2024-11-19;2024;11;4;47;Terça;0;0;;
2024-11-20;2024;11;4;47;Quarta;0;1;Consciência Negra;
2024-11-21;2024;11;4;47;Quinta;0;0;;
2024-11-22;2024;11;4;47;Sexta;0;0;;
2024-11-23;2024;11;4;47;Sábado;1;0;;
2024-11-24;2024;11;4;47;Domingo;1;0;;
2024-11-25;2024;11;4;48;Segunda;0;0;;Black Friday
2024-11-26;2024;11;4;48;Terça;0;0;;Black Friday
2024-11-27;2024;11;4;48;Quarta;0;0;;Black Friday
2024-11-28;2024;11;4;48;Quinta;0;0;;Black Friday
2024-11-29;2024;11;4;48;Sexta;0;0;;Black Friday
2024-11-30;2024;11;4;48;Sábado;1;0;;Black Friday
2024-12-01;2024;12;4;48;Domingo;1;0;;Black Friday
2024-12-02;2024;12;4;49;Segunda;0;0;;Black Friday
2024-12-03;2024;12;4;49;Terça;0;0;;Natal
2024-12-04;2024;12;4;49;Quarta;0;0;;Natal
2024-12-05;2024;12;4;49;Quinta;0;0;;Natal
2024-12-06;2024;12;4;49;Sexta;0;0;;Natal
2024-12-07;2024;12;4;49;Sábado;1;0;;Natal
2024-12-08;2024;12;4;49;Domingo;1;0;;Natal
2024-12-09;2024;12;4;50;Segunda;0;0;;Natal
2024-12-10;2024;12;4;50;Terça;0;0;;Natal
2024-12-11;2024;12;4;50;Quarta;0;0;;Natal
2024-12-12;2024;12;4;50;Quinta;0;0;;Natal
2024-12-13;2024;12;4;50;Sexta;0;0;;Natal
2024-12-14;2024;12;4;50;Sábado;1;0;;Natal
2024-12-15;2024;12;4;50;Domingo;1;0;;Natal
2024-12-16;2024;12;4;51;Segunda;0;0;;Natal
2024-12-17;2024;12;4;51;Terça;0;0;;Natal
2024-12-18;2024;12;4;51;Quarta;0;0;;Natal
2024-12-19;2024;12;4;51;Quinta;0;0;;Natal
2024-12-20;2024;12;4;51;Sexta;0;0;;Natal
2024-12-21;2024;12;4;51;Sábado;1;0;;Natal
2024-12-22;2024;12;4;51;Domingo;1;0;;Natal
2024-12-23;2024;12;4;52;Segunda;0;0;;Natal
2024-12-24;2024;12;4;52;Terça;0;0;;Natal
2024-12-25;2024;12;4;52;Quarta;0;1;Natal;
2024-12-26;2024;12;4;52;Quinta;0;0;;
2024-12-27;2024;12;4;52;Sexta;0;0;;
2024-12-28;2024;12;4;52;Sábado;1;0;;
2024-12-29;2024;12;4;52;Domingo;1;0;;
2024-12-30;2024;12;4;1;Segunda;0;0;;
2024-12-31;2024;12;4;1;Terça;0;0;;
2025-01-01;2025;1;1;1;Quarta;0;1;Confraternização Universal;
2025-01-02;2025;1;1;1;Quinta;0;0;;
2025-01-03;2025;1;1;1;Sexta;0;0;;
2025-01-04;2025;1;1;1;Sábado;1;0;;
2025-01-05;2025;1;1;1;Domingo;1;0;;
2025-01-06;2025;1;1;2;Segunda;0;0;;
2025-01-07;2025;1;1;2;Terça;0;0;;
2025-01-08;2025;1;1;2;Quarta;0;0;;
2025-01-09;2025;1;1;2;Quinta;0;0;;
2025-01-10;2025;1;1;2;Sexta;0;0;;
2025-01-11;2025;1;1;2;Sábado;1;0;;
2025-01-12;2025;1;1;2;Domingo;1;0;;
2025-01-13;2025;1;1;3;Segunda;0;0;;
2025-01-14;2025;1;1;3;Terça;0;0;;
2025-01-15;2025;1;1;3;Quarta;0;0;;
2025-01-16;2025;1;1;3;Quinta;0;0;;
2025-01-17;2025;1;1;3;Sexta;0;0;;
2025-01-18;2025;1;1;3;Sábado;1;0;;
2025-01-19;2025;1;1;3;Domingo;1;0;;
2025-01-20;2025;1;1;4;Segunda;0;0;;
2025-01-21;2025;1;1;4;Terça;0;0;;
2025-01-22;2025;1;1;4;Quarta;0;0;;
2025-01-23;2025;1;1;4;Quinta;0;0;;
2025-01-24;2025;1;1;4;Sexta;0;0;;
2025-01-25;2025;1;1;4;Sábado;1;0;;
2025-01-26;2025;1;1;4;Domingo;1;0;;
2025-01-27;2025;1;1;5;Segunda;0;0;;
2025-01-28;2025;1;1;5;Terça;0;0;;
2025-01-29;2025;1;1;5;Quarta;0;0;;
2025-01-30;2025;1;1;5;Quinta;0;0;;
2025-01-31;2025;1;1;5;Sexta;0;0;;
2025-02-01;2025;2;1;5;Sábado;1;0;;
2025-02-02;2025;2;1;5;Domingo;1;0;;
2025-02-03;2025;2;1;6;Segunda;0;0;;
2025-02-04;2025;2;1;6;Terça;0;0;;
2025-02-05;2025;2;1;6;Quarta;0;0;;
2025-02-06;2025;2;1;6;Quinta;0;0;;
2025-02-07;2025;2;1;6;Sexta;0;0;;
2025-02-08;2025;2;1;6;Sábado;1;0;;
2025-02-09;2025;2;1;6;Domingo;1;0;;
2025-02-10;2025;2;1;7;Segunda;0;0;;
2025-02-11;2025;2;1;7;Terça;0;0;;
2025-02-12;2025;2;1;7;Quarta;0;0;;
2025-02-13;2025;2;1;7;Quinta;0;0;;
2025-02-14;2025;2;1;7;Sexta;0;0;;
2025-02-15;2025;2;1;7;Sábado;1;0;;
2025-02-16;2025;2;1;7;Domingo;1;0;;
2025-02-17;2025;2;1;8;Segunda;0;0;;
2025-02-18;2025;2;1;8;Terça;0;0;;
2025-02-19;2025;2;1;8;Quarta;0;0;;
2025-02-20;2025;2;1;8;Quinta;0;0;;
2025-02-21;2025;2;1;8;Sexta;0;0;;
2025-02-22;2025;2;1;8;Sábado;1;0;;
2025-02-23;2025;2;1;8;Domingo;1;0;;
2025-02-24;2025;2;1;9;Segunda;0;0;;
2025-02-25;2025;2;1;9;Terça;0;0;;
2025-02-26;2025;2;1;9;Quarta;0;0;;
2025-02-27;2025;2;1;9;Quinta;0;0;;
2025-02-28;2025;2;1;9;Sexta;0;0;;
2025-03-01;2025;3;1;9;Sábado;1;0;;
2025-03-02;2025;3;1;9;Domingo;1;0;;
2025-03-03;2025;3;1;10;Segunda;0;1;Carnaval;
2025-03-04;2025;3;1;10;Terça;0;1;Carnaval;
2025-03-05;2025;3;1;10;Quarta;0;0;;
2025-03-06;2025;3;1;10;Quinta;0;0;;
2025-03-07;2025;3;1;10;Sexta;0;0;;
2025-03-08;2025;3;1;10;Sábado;1;0;;
2025-03-09;2025;3;1;10;Domingo;1;0;;
2025-03-10;2025;3;1;11;Segunda;0;0;;
2025-03-11;2025;3;1;11;Terça;0;0;;
2025-03-12;2025;3;1;11;Quarta;0;0;;Dia do Consumidor
2025-03-13;2025;3;1;11;Quinta;0;0;;Dia do Consumidor
2025-03-14;2025;3;1;11;Sexta;0;0;;Dia do Consumidor
2025-03-15;2025;3;1;11;Sábado;1;0;;Dia do Consumidor
2025-03-16;2025;3;1;11;Domingo;1;0;;
2025-03-17;2025;3;1;12;Segunda;0;0;;
2025-03-18;2025;3;1;12;Terça;0;0;;
2025-03-19;2025;3;1;12;Quarta;0;0;;
2025-03-20;2025;3;1;12;Quinta;0;0;;
2025-03-21;2025;3;1;12;Sexta;0;0;;
2025-03-22;2025;3;1;12;Sábado;1;0;;
2025-03-23;2025;3;1;12;Domingo;1;0;;
2025-03-24;2025;3;1;13;Segunda;0;0;;
2025-03-25;2025;3;1;13;Terça;0;0;;
2025-03-26;2025;3;1;13;Quarta;0;0;;
2025-03-27;2025;3;1;13;Quinta;0;0;;
2025-03-28;2025;3;1;13;Sexta;0;0;;
2025-03-29;2025;3;1;13;Sábado;1;0;;
2025-03-30;2025;3;1;13;Domingo;1;0;;
2025-03-31;2025;3;1;14;Segunda;0;0;;
2025-04-01;2025;4;2;14;Terça;0;0;;
2025-04-02;2025;4;2;14;Quarta;0;0;;
2025-04-03;2025;4;2;14;Quinta;0;0;;
2025-04-04;2025;4;2;14;Sexta;0;0;;
2025-04-05;2025;4;2;14;Sábado;1;0;;
2025-04-06;2025;4;2;14;Domingo;1;0;;
2025-04-07;2025;4;2;15;Segunda;0;0;;
2025-04-08;2025;4;2;15;Terça;0;0;;
2025-04-09;2025;4;2;15;Quarta;0;0;;
2025-04-10;2025;4;2;15;Quinta;0;0;;
2025-04-11;2025;4;2;15;Sexta;0;0;;
2025-04-12;2025;4;2;15;Sábado;1;0;;
2025-04-13;2025;4;2;15;Domingo;1;0;;
2025-04-14;2025;4;2;16;Segunda;0;0;;
2025-04-15;2025;4;2;16;Terça;0;0;;
2025-04-16;2025;4;2;16;Quarta;0;0;;
2025-04-17;2025;4;2;16;Quinta;0;0;;
2025-04-18;2025;4;2;16;Sexta;0;1;Sexta-feira Santa;
2025-04-19;2025;4;2;16;Sábado;1;0;;
2025-04-20;2025;4;2;16;Domingo;1;0;;
2025-04-21;2025;4;2;17;Segunda;0;1;Tiradentes;
2025-04-22;2025;4;2;17;Terça;0;0;;
2025-04-23;2025;4;2;17;Quarta;0;0;;
2025-04-24;2025;4;2;17;Quinta;0;0;;
2025-04-25;2025;4;2;17;Sexta;0;0;;
2025-04-26;2025;4;2;17;Sábado;1;0;;
2025-04-27;2025;4;2;17;Domingo;1;0;;
2025-04-28;2025;4;2;18;Segunda;0;0;;
2025-04-29;2025;4;2;18;Terça;0;0;;
2025-04-30;2025;4;2;18;Quarta;0;0;;
2025-05-01;2025;5;2;18;Quinta;0;1;Dia do Trabalho;
2025-05-02;2025;5;2;18;Sexta;0;0;;
2025-05-03;2025;5;2;18;Sábado;1;0;;
2025-05-04;2025;5;2;18;Domingo;1;0;;Dia das Mães
2025-05-05;2025;5;2;19;Segunda;0;0;;Dia das Mães
2025-05-06;2025;5;2;19;Terça;0;0;;Dia das Mães
2025-05-07;2025;5;2;19;Quarta;0;0;;Dia das Mães
2025-05-08;2025;5;2;19;Quinta;0;0;;Dia das Mães
2025-05-09;2025;5;2;19;Sexta;0;0;;Dia das Mães
2025-05-10;2025;5;2;19;Sábado;1;0;;Dia das Mães
2025-05-11;2025;5;2;19;Domingo;1;0;;Dia das Mães
2025-05-12;2025;5;2;20;Segunda;0;0;;
2025-05-13;2025;5;2;20;Terça;0;0;;
2025-05-14;2025;5;2;20;Quarta;0;0;;
2025-05-15;2025;5;2;20;Quinta;0;0;;
2025-05-16;2025;5;2;20;Sexta;0;0;;
2025-05-17;2025;5;2;20;Sábado;1;0;;
2025-05-18;2025;5;2;20;Domingo;1;0;;
2025-05-19;2025;5;2;21;Segunda;0;0;;
2025-05-20;2025;5;2;21;Terça;0;0;;
2025-05-21;2025;5;2;21;Quarta;0;0;;
2025-05-22;2025;5;2;21;Quinta;0;0;;
2025-05-23;2025;5;2;21;Sexta;0;0;;
2025-05-24;2025;5;2;21;Sábado;1;0;;
2025-05-25;2025;5;2;21;Domingo;1;0;;
2025-05-26;2025;5;2;22;Segunda;0;0;;
2025-05-27;2025;5;2;22;Terça;0;0;;
2025-05-28;2025;5;2;22;Quarta;0;0;;
2025-05-29;2025;5;2;22;Quinta;0;0;;
2025-05-30;2025;5;2;22;Sexta;0;0;;
2025-05-31;2025;5;2;22;Sábado;1;0;;
2025-06-01;2025;6;2;22;Domingo;1;0;;
2025-06-02;2025;6;2;23;Segunda;0;0;;
2025-06-03;2025;6;2;23;Terça;0;0;;
2025-06-04;2025;6;2;23;Quarta;0;0;;
2025-06-05;2025;6;2;23;Quinta;0;0;;
2025-06-06;2025;6;2;23;Sexta;0;0;;
2025-06-07;2025;6;2;23;Sábado;1;0;;
2025-06-08;2025;6;2;23;Domingo;1;0;;
2025-06-09;2025;6;2;24;Segunda;0;0;;
2025-06-10;2025;6;2;24;Terça;0;0;;
2025-06-11;2025;6;2;24;Quarta;0;0;;
2025-06-12;2025;6;2;24;Quinta;0;0;;
2025-06-13;2025;6;2;24;Sexta;0;0;;
2025-06-14;2025;6;2;24;Sábado;1;0;;
2025-06-15;2025;6;2;24;Domingo;1;0;;
2025-06-16;2025;6;2;25;Segunda;0;0;;
2025-06-17;2025;6;2;25;Terça;0;0;;
2025-06-18;2025;6;2;25;Quarta;0;0;;
2025-06-19;2025;6;2;25;Quinta;0;1;Corpus Christi;
2025-06-20;2025;6;2;25;Sexta;0;0;;
2025-06-21;2025;6;2;25;Sábado;1;0;;
2025-06-22;2025;6;2;25;Domingo;1;0;;
2025-06-23;2025;6;2;26;Segunda;0;0;;
2025-06-24;2025;6;2;26;Terça;0;0;;
2025-06-25;2025;6;2;26;Quarta;0;0;;
2025-06-26;2025;6;2;26;Quinta;0;0;;
2025-06-27;2025;6;2;26;Sexta;0;0;;
2025-06-28;2025;6;2;26;Sábado;1;0;;
2025-06-29;2025;6;2;26;Domingo;1;0;;
2025-06-30;2025;6;2;27;Segunda;0;0;;
2025-07-01;2025;7;3;27;Terça;0;0;;
2025-07-02;2025;7;3;27;Quarta;0;0;;
2025-07-03;2025;7;3;27;Quinta;0;0;;
2025-07-04;2025;7;3;27;Sexta;0;0;;
2025-07-05;2025;7;3;27;Sábado;1;0;;
2025-07-06;2025;7;3;27;Domingo;1;0;;
2025-07-07;2025;7;3;28;Segunda;0;0;;
2025-07-08;2025;7;3;28;Terça;0;0;;
2025-07-09;2025;7;3;28;Quarta;0;0;;
2025-07-10;2025;7;3;28;Quinta;0;0;;
2025-07-11;2025;7;3;28;Sexta;0;0;;
2025-07-12;2025;7;3;28;Sábado;1;0;;
2025-07-13;2025;7;3;28;Domingo;1;0;;
2025-07-14;2025;7;3;29;Segunda;0;0;;
2025-07-15;2025;7;3;29;Terça;0;0;;
2025-07-16;2025;7;3;29;Quarta;0;0;;
2025-07-17;2025;7;3;29;Quinta;0;0;;
2025-07-18;2025;7;3;29;Sexta;0;0;;
2025-07-19;2025;7;3;29;Sábado;1;0;;
2025-07-20;2025;7;3;29;Domingo;1;0;;
2025-07-21;2025;7;3;30;Segunda;0;0;;
2025-07-22;2025;7;3;30;Terça;0;0;;
2025-07-23;2025;7;3;30;Quarta;0;0;;
2025-07-24;2025;7;3;30;Quinta;0;0;;
2025-07-25;2025;7;3;30;Sexta;0;0;;
2025-07-26;2025;7;3;30;Sábado;1;0;;
2025-07-27;2025;7;3;30;Domingo;1;0;;
2025-07-28;2025;7;3;31;Segunda;0;0;;
2025-07-29;2025;7;3;31;Terça;0;0;;
2025-07-30;2025;7;3;31;Quarta;0;0;;
2025-07-31;2025;7;3;31;Quinta;0;0;;
2025-08-01;2025;8;3;31;Sexta;0;0;;
2025-08-02;2025;8;3;31;Sábado;1;0;;
2025-08-03;2025;8;3;31;Domingo;1;0;;Dia dos Pais
2025-08-04;2025;8;3;32;Segunda;0;0;;Dia dos Pais
2025-08-05;2025;8;3;32;Terça;0;0;;Dia dos Pais
2025-08-06;2025;8;3;32;Quarta;0;0;;Dia dos Pais
2025-08-07;2025;8;3;32;Quinta;0;0;;Dia dos Pais
2025-08-08;2025;8;3;32;Sexta;0;0;;Dia dos Pais
2025-08-09;2025;8;3;32;Sábado;1;0;;Dia dos Pais
2025-08-10;2025;8;3;32;Domingo;1;0;;Dia dos Pais
2025-08-11;2025;8;3;33;Segunda;0;0;;
2025-08-12;2025;8;3;33;Terça;0;0;;
2025-08-13;2025;8;3;33;Quarta;0;0;;
2025-08-14;2025;8;3;33;Quinta;0;0;;
2025-08-15;2025;8;3;33;Sexta;0;0;;
2025-08-16;2025;8;3;33;Sábado;1;0;;
2025-08-17;2025;8;3;33;Domingo;1;0;;
2025-08-18;2025;8;3;34;Segunda;0;0;;
2025-08-19;2025;8;3;34;Terça;0;0;;
2025-08-20;2025;8;3;34;Quarta;0;0;;
2025-08-21;2025;8;3;34;Quinta;0;0;;
2025-08-22;2025;8;3;34;Sexta;0;0;;
2025-08-23;2025;8;3;34;Sábado;1;0;;
2025-08-24;2025;8;3;34;Domingo;1;0;;
2025-08-25;2025;8;3;35;Segunda;0;0;;
2025-08-26;2025;8;3;35;Terça;0;0;;
2025-08-27;2025;8;3;35;Quarta;0;0;;
2025-08-28;2025;8;3;35;Quinta;0;0;;
2025-08-29;2025;8;3;35;Sexta;0;0;;
2025-08-30;2025;8;3;35;Sábado;1;0;;
2025-08-31;2025;8;3;35;Domingo;1;0;;
2025-09-01;2025;9;3;36;Segunda;0;0;;
2025-09-02;2025;9;3;36;Terça;0;0;;
2025-09-03;2025;9;3;36;Quarta;0;0;;
2025-09-04;2025;9;3;36;Quinta;0;0;;
2025-09-05;2025;9;3;36;Sexta;0;0;;
2025-09-06;2025;9;3;36;Sábado;1;0;;
2025-09-07;2025;9;3;36;Domingo;1;1;Independência;
2025-09-08;2025;9;3;37;Segunda;0;0;;
2025-09-09;2025;9;3;37;Terça;0;0;;
2025-09-10;2025;9;3;37;Quarta;0;0;;
2025-09-11;2025;9;3;37;Quinta;0;0;;
2025-09-12;2025;9;3;37;Sexta;0;0;;
2025-09-13;2025;9;3;37;Sábado;1;0;;
2025-09-14;2025;9;3;37;Domingo;1;0;;
2025-09-15;2025;9;3;38;Segunda;0;0;;
2025-09-16;2025;9;3;38;Terça;0;0;;
2025-09-17;2025;9;3;38;Quarta;0;0;;
2025-09-18;2025;9;3;38;Quinta;0;0;;
2025-09-19;2025;9;3;38;Sexta;0;0;;
2025-09-20;2025;9;3;38;Sábado;1;0;;
2025-09-21;2025;9;3;38;Domingo;1;0;;
2025-09-22;2025;9;3;39;Segunda;0;0;;
2025-09-23;2025;9;3;39;Terça;0;0;;
2025-09-24;2025;9;3;39;Quarta;0;0;;
2025-09-25;2025;9;3;39;Quinta;0;0;;
2025-09-26;2025;9;3;39;Sexta;0;0;;
2025-09-27;2025;9;3;39;Sábado;1;0;;
2025-09-28;2025;9;3;39;Domingo;1;0;;
2025-09-29;2025;9;3;40;Segunda;0;0;;
2025-09-30;2025;9;3;40;Terça;0;0;;
2025-10-01;2025;10;4;40;Quarta;0;0;;
2025-10-02;2025;10;4;40;Quinta;0;0;;
2025-10-03;2025;10;4;40;Sexta;0;0;;
2025-10-04;2025;10;4;40;Sábado;1;0;;
2025-10-05;2025;10;4;40;Domingo;1;0;;
2025-10-06;2025;10;4;41;Segunda;0;0;;
2025-10-07;2025;10;4;41;Terça;0;0;;
2025-10-08;2025;10;4;41;Quarta;0;0;;
2025-10-09;2025;10;4;41;Quinta;0;0;;
2025-10-10;2025;10;4;41;Sexta;0;0;;
2025-10-11;2025;10;4;41;Sábado;1;0;;
2025-10-12;2025;10;4;41;Domingo;1;1;Nossa Sra. Aparecida;
2025-10-13;2025;10;4;42;Segunda;0;0;;
2025-10-14;2025;10;4;42;Terça;0;0;;
2025-10-15;2025;10;4;42;Quarta;0;0;;
2025-10-16;2025;10;4;42;Quinta;0;0;;
2025-10-17;2025;10;4;42;Sexta;0;0;;
2025-10-18;2025;10;4;42;Sábado;1;0;;
2025-10-19;2025;10;4;42;Domingo;1;0;;
2025-10-20;2025;10;4;43;Segunda;0;0;;
2025-10-21;2025;10;4;43;Terça;0;0;;
2025-10-22;2025;10;4;43;Quarta;0;0;;
2025-10-23;2025;10;4;43;Quinta;0;0;;
2025-10-24;2025;10;4;43;Sexta;0;0;;
2025-10-25;2025;10;4;43;Sábado;1;0;;
2025-10-26;2025;10;4;43;Domingo;1;0;;
2025-10-27;2025;10;4;44;Segunda;0;0;;
2025-10-28;2025;10;4;44;Terça;0;0;;
2025-10-29;2025;10;4;44;Quarta;0;0;;
2025-10-30;2025;10;4;44;Quinta;0;0;;
2025-10-31;2025;10;4;44;Sexta;0;0;;
2025-11-01;2025;11;4;44;Sábado;1;0;;
2025-11-02;2025;11;4;44;Domingo;1;1;Finados;
2025-11-03;2025;11;4;45;Segunda;0;0;;
2025-11-04;2025;11;4;45;Terça;0;0;;
2025-11-05;2025;11;4;45;Quarta;0;0;;
2025-11-06;2025;11;4;45;Quinta;0;0;;
2025-11-07;2025;11;4;45;Sexta;0;0;;
2025-11-08;2025;11;4;45;Sábado;1;0;;
2025-11-09;2025;11;4;45;Domingo;1;0;;
2025-11-10;2025;11;4;46;Segunda;0;0;;
2025-11-11;2025;11;4;46;Terça;0;0;;
2025-11-12;2025;11;4;46;Quarta;0;0;;
2025-11-13;2025;11;4;46;Quinta;0;0;;
2025-11-14;2025;11;4;46;Sexta;0;0;;
2025-11-15;2025;11;4;46;Sábado;1;1;Proclamação da República;
2025-11-16;2025;11;4;46;Domingo;1;0;;
2025-11-17;2025;11;4;47;Segunda;0;0;;
2025-11-18;2025;11;4;47;Terça;0;0;;
2025-11-19;2025;11;4;47;Quarta;0;0;;
2025-11-20;2025;11;4;47;Quinta;0;1;Consciência Negra;
2025-11-21;2025;11;4;47;Sexta;0;0;;
2025-11-22;2025;11;4;47;Sábado;1;0;;
2025-11-23;2025;11;4;47;Domingo;1;0;;
2025-11-24;2025;11;4;48;Segunda;0;0;;Black Friday
2025-11-25;2025;11;4;48;Terça;0;0;;Black Friday
2025-11-26;2025;11;4;48;Quarta;0;0;;Black Friday
2025-11-27;2025;11;4;48;Quinta;0;0;;Black Friday
2025-11-28;2025;11;4;48;Sexta;0;0;;Black Friday
2025-11-29;2025;11;4;48;Sábado;1;0;;Black Friday
2025-11-30;2025;11;4;48;Domingo;1;0;;Black Friday
2025-12-01;2025;12;4;49;Segunda;0;0;;Black Friday
2025-12-02;2025;12;4;49;Terça;0;0;;Natal
2025-12-03;2025;12;4;49;Quarta;0;0;;Natal
2025-12-04;2025;12;4;49;Quinta;0;0;;Natal
2025-12-05;2025;12;4;49;Sexta;0;0;;Natal
2025-12-06;2025;12;4;49;Sábado;1;0;;Natal
2025-12-07;2025;12;4;49;Domingo;1;0;;Natal
2025-12-08;2025;12;4;50;Segunda;0;0;;Natal
2025-12-09;2025;12;4;50;Terça;0;0;;Natal
2025-12-10;2025;12;4;50;Quarta;0;0;;Natal
2025-12-11;2025;12;4;50;Quinta;0;0;;Natal
2025-12-12;2025;12;4;50;Sexta;0;0;;Natal
2025-12-13;2025;12;4;50;Sábado;1;0;;Natal
2025-12-14;2025;12;4;50;Domingo;1;0;;Natal
2025-12-15;2025;12;4;51;Segunda;0;0;;Natal
2025-12-16;2025;12;4;51;Terça;0;0;;Natal
2025-12-17;2025;12;4;51;Quarta;0;0;;Natal
2025-12-18;2025;12;4;51;Quinta;0;0;;Natal
2025-12-19;2025;12;4;51;Sexta;0;0;;Natal
2025-12-20;2025;12;4;51;Sábado;1;0;;Natal
2025-12-21;2025;12;4;51;Domingo;1;0;;Natal
2025-12-22;2025;12;4;52;Segunda;0;0;;Natal
2025-12-23;2025;12;4;52;Terça;0;0;;Natal
2025-12-24;2025;12;4;52;Quarta;0;0;;Natal
2025-12-25;2025;12;4;52;Quinta;0;1;Natal;
2025-12-26;2025;12;4;52;Sexta;0;0;;
2025-12-27;2025;12;4;52;Sábado;1;0;;
2025-12-28;2025;12;4;52;Domingo;1;0;;
2025-12-29;2025;12;4;1;Segunda;0;0;;
2025-12-30;2025;12;4;1;Terça;0;0;;
2025-12-31;2025;12;4;1;Quarta;0;0;;
2026-01-01;2026;1;1;1;Quinta;0;1;Confraternização Universal;
2026-01-02;2026;1;1;1;Sexta;0;0;;
2026-01-03;2026;1;1;1;Sábado;1;0;;
2026-01-04;2026;1;1;1;Domingo;1;0;;
2026-01-05;2026;1;1;2;Segunda;0;0;;
2026-01-06;2026;1;1;2;Terça;0;0;;
2026-01-07;2026;1;1;2;Quarta;0;0;;
2026-01-08;2026;1;1;2;Quinta;0;0;;
2026-01-09;2026;1;1;2;Sexta;0;0;;
2026-01-10;2026;1;1;2;Sábado;1;0;;
2026-01-11;2026;1;1;2;Domingo;1;0;;
2026-01-12;2026;1;1;3;Segunda;0;0;;
2026-01-13;2026;1;1;3;Terça;0;0;;
2026-01-14;2026;1;1;3;Quarta;0;0;;
2026-01-15;2026;1;1;3;Quinta;0;0;;
2026-01-16;2026;1;1;3;Sexta;0;0;;
2026-01-17;2026;1;1;3;Sábado;1;0;;
2026-01-18;2026;1;1;3;Domingo;1;0;;
2026-01-19;2026;1;1;4;Segunda;0;0;;
2026-01-20;2026;1;1;4;Terça;0;0;;
2026-01-21;2026;1;1;4;Quarta;0;0;;
2026-01-22;2026;1;1;4;Quinta;0;0;;
2026-01-23;2026;1;1;4;Sexta;0;0;;
2026-01-24;2026;1;1;4;Sábado;1;0;;
2026-01-25;2026;1;1;4;Domingo;1;0;;
2026-01-26;2026;1;1;5;Segunda;0;0;;
2026-01-27;2026;1;1;5;Terça;0;0;;
2026-01-28;2026;1;1;5;Quarta;0;0;;
2026-01-29;2026;1;1;5;Quinta;0;0;;
2026-01-30;2026;1;1;5;Sexta;0;0;;
2026-01-31;2026;1;1;5;Sábado;1;0;;
2026-02-01;2026;2;1;5;Domingo;1;0;;
2026-02-02;2026;2;1;6;Segunda;0;0;;
2026-02-03;2026;2;1;6;Terça;0;0;;
2026-02-04;2026;2;1;6;Quarta;0;0;;
2026-02-05;2026;2;1;6;Quinta;0;0;;
2026-02-06;2026;2;1;6;Sexta;0;0;;
2026-02-07;2026;2;1;6;Sábado;1;0;;
2026-02-08;2026;2;1;6;Domingo;1;0;;
2026-02-09;2026;2;1;7;Segunda;0;0;;
2026-02-10;2026;2;1;7;Terça;0;0;;
2026-02-11;2026;2;1;7;Quarta;0;0;;
2026-02-12;2026;2;1;7;Quinta;0;0;;
2026-02-13;2026;2;1;7;Sexta;0;0;;
2026-02-14;2026;2;1;7;Sábado;1;0;;
2026-02-15;2026;2;1;7;Domingo;1;0;;
2026-02-16;2026;2;1;8;Segunda;0;1;Carnaval;
2026-02-17;2026;2;1;8;Terça;0;1;Carnaval;
2026-02-18;2026;2;1;8;Quarta;0;0;;
2026-02-19;2026;2;1;8;Quinta;0;0;;
2026-02-20;2026;2;1;8;Sexta;0;0;;
2026-02-21;2026;2;1;8;Sábado;1;0;;
2026-02-22;2026;2;1;8;Domingo;1;0;;
2026-02-23;2026;2;1;9;Segunda;0;0;;
2026-02-24;2026;2;1;9;Terça;0;0;;
2026-02-25;2026;2;1;9;Quarta;0;0;;
2026-02-26;2026;2;1;9;Quinta;0;0;;
2026-02-27;2026;2;1;9;Sexta;0;0;;
2026-02-28;2026;2;1;9;Sábado;1;0;;
2026-03-01;2026;3;1;9;Domingo;1;0;;
2026-03-02;2026;3;1;10;Segunda;0;0;;
2026-03-03;2026;3;1;10;Terça;0;0;;
2026-03-04;2026;3;1;10;Quarta;0;0;;
2026-03-05;2026;3;1;10;Quinta;0;0;;
2026-03-06;2026;3;1;10;Sexta;0;0;;
2026-03-07;2026;3;1;10;Sábado;1;0;;
2026-03-08;2026;3;1;10;Domingo;1;0;;
2026-03-09;2026;3;1;11;Segunda;0;0;;
2026-03-10;2026;3;1;11;Terça;0;0;;
2026-03-11;2026;3;1;11;Quarta;0;0;;
2026-03-12;2026;3;1;11;Quinta;0;0;;Dia do Consumidor
2026-03-13;2026;3;1;11;Sexta;0;0;;Dia do Consumidor
2026-03-14;2026;3;1;11;Sábado;1;0;;Dia do Consumidor
2026-03-15;2026;3;1;11;Domingo;1;0;;Dia do Consumidor
2026-03-16;2026;3;1;12;Segunda;0;0;;
2026-03-17;2026;3;1;12;Terça;0;0;;
2026-03-18;2026;3;1;12;Quarta;0;0;;
2026-03-19;2026;3;1;12;Quinta;0;0;;
2026-03-20;2026;3;1;12;Sexta;0;0;;
2026-03-21;2026;3;1;12;Sábado;1;0;;
2026-03-22;2026;3;1;12;Domingo;1;0;;
2026-03-23;2026;3;1;13;Segunda;0;0;;
2026-03-24;2026;3;1;13;Terça;0;0;;
2026-03-25;2026;3;1;13;Quarta;0;0;;
2026-03-26;2026;3;1;13;Quinta;0;0;;
2026-03-27;2026;3;1;13;Sexta;0;0;;
2026-03-28;2026;3;1;13;Sábado;1;0;;
2026-03-29;2026;3;1;13;Domingo;1;0;;
2026-03-30;2026;3;1;14;Segunda;0;0;;
2026-03-31;2026;3;1;14;Terça;0;0;;
2026-04-01;2026;4;2;14;Quarta;0;0;;
2026-04-02;2026;4;2;14;Quinta;0;0;;
2026-04-03;2026;4;2;14;Sexta;0;1;Sexta-feira Santa;
2026-04-04;2026;4;2;14;Sábado;1;0;;
2026-04-05;2026;4;2;14;Domingo;1;0;;
2026-04-06;2026;4;2;15;Segunda;0;0;;
2026-04-07;2026;4;2;15;Terça;0;0;;
2026-04-08;2026;4;2;15;Quarta;0;0;;
2026-04-09;2026;4;2;15;Quinta;0;0;;
2026-04-10;2026;4;2;15;Sexta;0;0;;
2026-04-11;2026;4;2;15;Sábado;1;0;;
2026-04-12;2026;4;2;15;Domingo;1;0;;
2026-04-13;2026;4;2;16;Segunda;0;0;;
2026-04-14;2026;4;2;16;Terça;0;0;;
2026-04-15;2026;4;2;16;Quarta;0;0;;
2026-04-16;2026;4;2;16;Quinta;0;0;;
2026-04-17;2026;4;2;16;Sexta;0;0;;
2026-04-18;2026;4;2;16;Sábado;1;0;;
2026-04-19;2026;4;2;16;Domingo;1;0;;
2026-04-20;2026;4;2;17;Segunda;0;0;;
2026-04-21;2026;4;2;17;Terça;0;1;Tiradentes;
2026-04-22;2026;4;2;17;Quarta;0;0;;
2026-04-23;2026;4;2;17;Quinta;0;0;;
2026-04-24;2026;4;2;17;Sexta;0;0;;
2026-04-25;2026;4;2;17;Sábado;1;0;;
2026-04-26;2026;4;2;17;Domingo;1;0;;
2026-04-27;2026;4;2;18;Segunda;0;0;;
2026-04-28;2026;4;2;18;Terça;0;0;;
2026-04-29;2026;4;2;18;Quarta;0;0;;
2026-04-30;2026;4;2;18;Quinta;0;0;;
2026-05-01;2026;5;2;18;Sexta;0;1;Dia do Trabalho;
2026-05-02;2026;5;2;18;Sábado;1;0;;
2026-05-03;2026;5;2;18;Domingo;1;0;;Dia das Mães
2026-05-04;2026;5;2;19;Segunda;0;0;;Dia das Mães
2026-05-05;2026;5;2;19;Terça;0;0;;Dia das Mães
2026-05-06;2026;5;2;19;Quarta;0;0;;Dia das Mães
2026-05-07;2026;5;2;19;Quinta;0;0;;Dia das Mães
2026-05-08;2026;5;2;19;Sexta;0;0;;Dia das Mães
2026-05-09;2026;5;2;19;Sábado;1;0;;Dia das Mães
2026-05-10;2026;5;2;19;Domingo;1;0;;Dia das Mães
2026-05-11;2026;5;2;20;Segunda;0;0;;
2026-05-12;2026;5;2;20;Terça;0;0;;
2026-05-13;2026;5;2;20;Quarta;0;0;;
2026-05-14;2026;5;2;20;Quinta;0;0;;
2026-05-15;2026;5;2;20;Sexta;0;0;;
2026-05-16;2026;5;2;20;Sábado;1;0;;
2026-05-17;2026;5;2;20;Domingo;1;0;;
2026-05-18;2026;5;2;21;Segunda;0;0;;
2026-05-19;2026;5;2;21;Terça;0;0;;
2026-05-20;2026;5;2;21;Quarta;0;0;;
2026-05-21;2026;5;2;21;Quinta;0;0;;
2026-05-22;2026;5;2;21;Sexta;0;0;;
2026-05-23;2026;5;2;21;Sábado;1;0;;
2026-05-24;2026;5;2;21;Domingo;1;0;;
2026-05-25;2026;5;2;22;Segunda;0;0;;
2026-05-26;2026;5;2;22;Terça;0;0;;
2026-05-27;2026;5;2;22;Quarta;0;0;;
2026-05-28;2026;5;2;22;Quinta;0;0;;
2026-05-29;2026;5;2;22;Sexta;0;0;;
2026-05-30;2026;5;2;22;Sábado;1;0;;
2026-05-31;2026;5;2;22;Domingo;1;0;;
2026-06-01;2026;6;2;23;Segunda;0;0;;
2026-06-02;2026;6;2;23;Terça;0;0;;
2026-06-03;2026;6;2;23;Quarta;0;0;;
2026-06-04;2026;6;2;23;Quinta;0;1;Corpus Christi;
2026-06-05;2026;6;2;23;Sexta;0;0;;
2026-06-06;2026;6;2;23;Sábado;1;0;;
2026-06-07;2026;6;2;23;Domingo;1;0;;
2026-06-08;2026;6;2;24;Segunda;0;0;;
2026-06-09;2026;6;2;24;Terça;0;0;;
2026-06-10;2026;6;2;24;Quarta;0;0;;
2026-06-11;2026;6;2;24;Quinta;0;0;;
2026-06-12;2026;6;2;24;Sexta;0;0;;
2026-06-13;2026;6;2;24;Sábado;1;0;;
2026-06-14;2026;6;2;24;Domingo;1;0;;
2026-06-15;2026;6;2;25;Segunda;0;0;;
2026-06-16;2026;6;2;25;Terça;0;0;;
2026-06-17;2026;6;2;25;Quarta;0;0;;
2026-06-18;2026;6;2;25;Quinta;0;0;;
2026-06-19;2026;6;2;25;Sexta;0;0;;
2026-06-20;2026;6;2;25;Sábado;1;0;;
2026-06-21;2026;6;2;25;Domingo;1;0;;
2026-06-22;2026;6;2;26;Segunda;0;0;;
2026-06-23;2026;6;2;26;Terça;0;0;;
2026-06-24;2026;6;2;26;Quarta;0;0;;
2026-06-25;2026;6;2;26;Quinta;0;0;;
2026-06-26;2026;6;2;26;Sexta;0;0;;
2026-06-27;2026;6;2;26;Sábado;1;0;;
2026-06-28;2026;6;2;26;Domingo;1;0;;
2026-06-29;2026;6;2;27;Segunda;0;0;;
2026-06-30;2026;6;2;27;Terça;0;0;;
2026-07-01;2026;7;3;27;Quarta;0;0;;
2026-07-02;2026;7;3;27;Quinta;0;0;;
2026-07-03;2026;7;3;27;Sexta;0;0;;
2026-07-04;2026;7;3;27;Sábado;1;0;;
2026-07-05;2026;7;3;27;Domingo;1;0;;
2026-07-06;2026;7;3;28;Segunda;0;0;;
2026-07-07;2026;7;3;28;Terça;0;0;;
2026-07-08;2026;7;3;28;Quarta;0;0;;
2026-07-09;2026;7;3;28;Quinta;0;0;;
2026-07-10;2026;7;3;28;Sexta;0;0;;
2026-07-11;2026;7;3;28;Sábado;1;0;;
2026-07-12;2026;7;3;28;Domingo;1;0;;
2026-07-13;2026;7;3;29;Segunda;0;0;;
2026-07-14;2026;7;3;29;Terça;0;0;;
2026-07-15;2026;7;3;29;Quarta;0;0;;
2026-07-16;2026;7;3;29;Quinta;0;0;;
2026-07-17;2026;7;3;29;Sexta;0;0;;
2026-07-18;2026;7;3;29;Sábado;1;0;;
2026-07-19;2026;7;3;29;Domingo;1;0;;
2026-07-20;2026;7;3;30;Segunda;0;0;;
2026-07-21;2026;7;3;30;Terça;0;0;;
2026-07-22;2026;7;3;30;Quarta;0;0;;
2026-07-23;2026;7;3;30;Quinta;0;0;;
2026-07-24;2026;7;3;30;Sexta;0;0;;
2026-07-25;2026;7;3;30;Sábado;1;0;;
2026-07-26;2026;7;3;30;Domingo;1;0;;
2026-07-27;2026;7;3;31;Segunda;0;0;;
2026-07-28;2026;7;3;31;Terça;0;0;;
2026-07-29;2026;7;3;31;Quarta;0;0;;
2026-07-30;2026;7;3;31;Quinta;0;0;;
2026-07-31;2026;7;3;31;Sexta;0;0;;
2026-08-01;2026;8;3;31;Sábado;1;0;;
2026-08-02;2026;8;3;31;Domingo;1;0;;Dia dos Pais
2026-08-03;2026;8;3;32;Segunda;0;0;;Dia dos Pais
2026-08-04;2026;8;3;32;Terça;0;0;;Dia dos Pais
2026-08-05;2026;8;3;32;Quarta;0;0;;Dia dos Pais
2026-08-06;2026;8;3;32;Quinta;0;0;;Dia dos Pais
2026-08-07;2026;8;3;32;Sexta;0;0;;Dia dos Pais
2026-08-08;2026;8;3;32;Sábado;1;0;;Dia dos Pais
2026-08-09;2026;8;3;32;Domingo;1;0;;Dia dos Pais
2026-08-10;2026;8;3;33;Segunda;0;0;;
2026-08-11;2026;8;3;33;Terça;0;0;;
2026-08-12;2026;8;3;33;Quarta;0;0;;
2026-08-13;2026;8;3;33;Quinta;0;0;;
2026-08-14;2026;8;3;33;Sexta;0;0;;
2026-08-15;2026;8;3;33;Sábado;1;0;;
2026-08-16;2026;8;3;33;Domingo;1;0;;
2026-08-17;2026;8;3;34;Segunda;0;0;;
2026-08-18;2026;8;3;34;Terça;0;0;;
2026-08-19;2026;8;3;34;Quarta;0;0;;
2026-08-20;2026;8;3;34;Quinta;0;0;;
2026-08-21;2026;8;3;34;Sexta;0;0;;
2026-08-22;2026;8;3;34;Sábado;1;0;;
2026-08-23;2026;8;3;34;Domingo;1;0;;
2026-08-24;2026;8;3;35;Segunda;0;0;;
2026-08-25;2026;8;3;35;Terça;0;0;;
2026-08-26;2026;8;3;35;Quarta;0;0;;
2026-08-27;2026;8;3;35;Quinta;0;0;;
2026-08-28;2026;8;3;35;Sexta;0;0;;
2026-08-29;2026;8;3;35;Sábado;1;0;;
2026-08-30;2026;8;3;35;Domingo;1;0;;
2026-08-31;2026;8;3;36;Segunda;0;0;;
2026-09-01;2026;9;3;36;Terça;0;0;;
2026-09-02;2026;9;3;36;Quarta;0;0;;
2026-09-03;2026;9;3;36;Quinta;0;0;;
2026-09-04;2026;9;3;36;Sexta;0;0;;
2026-09-05;2026;9;3;36;Sábado;1;0;;
2026-09-06;2026;9;3;36;Domingo;1;0;;
2026-09-07;2026;9;3;37;Segunda;0;1;Independência;
2026-09-08;2026;9;3;37;Terça;0;0;;
2026-09-09;2026;9;3;37;Quarta;0;0;;
2026-09-10;2026;9;3;37;Quinta;0;0;;
2026-09-11;2026;9;3;37;Sexta;0;0;;
2026-09-12;2026;9;3;37;Sábado;1;0;;
2026-09-13;2026;9;3;37;Domingo;1;0;;
2026-09-14;2026;9;3;38;Segunda;0;0;;
2026-09-15;2026;9;3;38;Terça;0;0;;
2026-09-16;2026;9;3;38;Quarta;0;0;;
2026-09-17;2026;9;3;38;Quinta;0;0;;
2026-09-18;2026;9;3;38;Sexta;0;0;;
2026-09-19;2026;9;3;38;Sábado;1;0;;
2026-09-20;2026;9;3;38;Domingo;1;0;;
2026-09-21;2026;9;3;39;Segunda;0;0;;
2026-09-22;2026;9;3;39;Terça;0;0;;
2026-09-23;2026;9;3;39;Quarta;0;0;;
2026-09-24;2026;9;3;39;Quinta;0;0;;
2026-09-25;2026;9;3;39;Sexta;0;0;;
2026-09-26;2026;9;3;39;Sábado;1;0;;
2026-09-27;2026;9;3;39;Domingo;1;0;;
2026-09-28;2026;9;3;40;Segunda;0;0;;
2026-09-29;2026;9;3;40;Terça;0;0;;
2026-09-30;2026;9;3;40;Quarta;0;0;;
